CREATE DATABASE  IF NOT EXISTS `montalbo` /*!40100 DEFAULT CHARACTER SET utf8 */;
USE `montalbo`;
-- MySQL dump 10.13  Distrib 5.6.24, for Win32 (x86)
--
-- Host: localhost    Database: montalbo
-- ------------------------------------------------------
-- Server version	5.6.26-log

/*!40101 SET @OLD_CHARACTER_SET_CLIENT=@@CHARACTER_SET_CLIENT */;
/*!40101 SET @OLD_CHARACTER_SET_RESULTS=@@CHARACTER_SET_RESULTS */;
/*!40101 SET @OLD_COLLATION_CONNECTION=@@COLLATION_CONNECTION */;
/*!40101 SET NAMES utf8 */;
/*!40103 SET @OLD_TIME_ZONE=@@TIME_ZONE */;
/*!40103 SET TIME_ZONE='+00:00' */;
/*!40014 SET @OLD_UNIQUE_CHECKS=@@UNIQUE_CHECKS, UNIQUE_CHECKS=0 */;
/*!40014 SET @OLD_FOREIGN_KEY_CHECKS=@@FOREIGN_KEY_CHECKS, FOREIGN_KEY_CHECKS=0 */;
/*!40101 SET @OLD_SQL_MODE=@@SQL_MODE, SQL_MODE='NO_AUTO_VALUE_ON_ZERO' */;
/*!40111 SET @OLD_SQL_NOTES=@@SQL_NOTES, SQL_NOTES=0 */;

--
-- Table structure for table `account`
--

DROP TABLE IF EXISTS `account`;
/*!40101 SET @saved_cs_client     = @@character_set_client */;
/*!40101 SET character_set_client = utf8 */;
CREATE TABLE `account` (
  `account_id` int(11) NOT NULL AUTO_INCREMENT,
  `account_name` varchar(100) NOT NULL,
  `age` int(11) DEFAULT NULL,
  `gender` varchar(10) DEFAULT NULL,
  `contact_no` varchar(20) DEFAULT NULL,
  `email` varchar(50) DEFAULT NULL,
  `account_username` varchar(100) DEFAULT NULL,
  `account_password` varchar(100) DEFAULT NULL,
  `account_type` bit(1) DEFAULT NULL,
  PRIMARY KEY (`account_id`)
) ENGINE=InnoDB AUTO_INCREMENT=10 DEFAULT CHARSET=utf8;
/*!40101 SET character_set_client = @saved_cs_client */;

--
-- Dumping data for table `account`
--

LOCK TABLES `account` WRITE;
/*!40000 ALTER TABLE `account` DISABLE KEYS */;
INSERT INTO `account` VALUES (1,'Cholo Miguel',19,'Male','09391681999','heyimcholo@gmail.com','admin','admin',''),(2,'Maryrose Adille',19,'Female','09995997070','eyos_adille@yahoo.com','user','user','\0'),(8,'SampleAccount',23,NULL,'09999999999','sample@gmail.com','sample','sample','\0'),(9,'Nica Bells',22,'Female','09236789876','nica@yahoo.com','nica','imnica','\0');
/*!40000 ALTER TABLE `account` ENABLE KEYS */;
UNLOCK TABLES;

--
-- Table structure for table `customer_order`
--

DROP TABLE IF EXISTS `customer_order`;
/*!40101 SET @saved_cs_client     = @@character_set_client */;
/*!40101 SET character_set_client = utf8 */;
CREATE TABLE `customer_order` (
  `transaction_id` int(11) NOT NULL,
  `order_detail_id` int(11) NOT NULL,
  `service_id` int(11) DEFAULT NULL,
  `service_name` varchar(100) DEFAULT NULL,
  `quantity` int(11) DEFAULT NULL,
  `order_type` varchar(45) DEFAULT NULL,
  `price` float(10,2) DEFAULT NULL,
  `sub_total` float(10,2) DEFAULT NULL,
  `total_price` float(10,2) DEFAULT NULL,
  PRIMARY KEY (`transaction_id`,`order_detail_id`),
  KEY `service_id` (`service_id`),
  CONSTRAINT `customer_order_ibfk_1` FOREIGN KEY (`transaction_id`) REFERENCES `customer_transaction` (`transaction_id`) ON DELETE CASCADE
) ENGINE=InnoDB DEFAULT CHARSET=utf8;
/*!40101 SET character_set_client = @saved_cs_client */;

--
-- Dumping data for table `customer_order`
--

LOCK TABLES `customer_order` WRITE;
/*!40000 ALTER TABLE `customer_order` DISABLE KEYS */;
INSERT INTO `customer_order` VALUES (56,98,4,'Ventosa',1,'REGULAR',150.00,150.00,2150.00),(56,99,18,'Sample Scrub',6,'REGULAR',300.00,1800.00,2150.00),(56,100,19,'Dummy',1,'REGULAR',200.00,200.00,2150.00),(56,101,18,'Sample Scrub',1,'VOUCHER',190.00,190.00,2150.00),(57,102,19,'Dummy',1,'REGULAR',200.00,200.00,200.00),(58,103,19,'Dummy',2,'REGULAR',200.00,400.00,700.00),(58,104,18,'Sample Scrub',1,'REGULAR',300.00,300.00,700.00),(59,105,4,'Ventosa',3,'REGULAR',150.00,450.00,450.00);
/*!40000 ALTER TABLE `customer_order` ENABLE KEYS */;
UNLOCK TABLES;

--
-- Table structure for table `customer_transaction`
--

DROP TABLE IF EXISTS `customer_transaction`;
/*!40101 SET @saved_cs_client     = @@character_set_client */;
/*!40101 SET character_set_client = utf8 */;
CREATE TABLE `customer_transaction` (
  `transaction_id` int(11) NOT NULL AUTO_INCREMENT,
  `account_id` varchar(100) DEFAULT NULL,
  `customer_name` varchar(100) DEFAULT NULL,
  `contact_no` varchar(20) DEFAULT NULL,
  `date` date DEFAULT NULL,
  `time` time DEFAULT NULL,
  `amount` float(10,2) DEFAULT NULL,
  `payment_status` varchar(100) DEFAULT NULL,
  PRIMARY KEY (`transaction_id`),
  KEY `account_id` (`account_id`)
) ENGINE=InnoDB AUTO_INCREMENT=60 DEFAULT CHARSET=utf8;
/*!40101 SET character_set_client = @saved_cs_client */;

--
-- Dumping data for table `customer_transaction`
--

LOCK TABLES `customer_transaction` WRITE;
/*!40000 ALTER TABLE `customer_transaction` DISABLE KEYS */;
INSERT INTO `customer_transaction` VALUES (56,'Cholo Miguel','Reina','09999999','2016-03-21','10:22:00',2150.00,'PAID'),(57,'Cholo Miguel','Beejay','456785678','2016-03-21','10:22:43',200.00,'PAID'),(58,'Maryrose Adille','Reina','09345678900','2016-03-21','12:29:40',700.00,'CANCELED'),(59,'9','Sir roxas','099999999','2016-03-21','12:46:04',450.00,'PAID');
/*!40000 ALTER TABLE `customer_transaction` ENABLE KEYS */;
UNLOCK TABLES;

--
-- Table structure for table `service`
--

DROP TABLE IF EXISTS `service`;
/*!40101 SET @saved_cs_client     = @@character_set_client */;
/*!40101 SET character_set_client = utf8 */;
CREATE TABLE `service` (
  `service_id` int(11) NOT NULL AUTO_INCREMENT,
  `service_name` varchar(100) NOT NULL,
  `service_type` varchar(100) NOT NULL,
  `description` varchar(300) DEFAULT NULL,
  `service_price` float(10,2) DEFAULT NULL,
  `voucher_price` float(10,2) DEFAULT NULL,
  `availability` bit(1) DEFAULT NULL,
  `voucher_count` int(11) DEFAULT NULL,
  PRIMARY KEY (`service_id`)
) ENGINE=InnoDB AUTO_INCREMENT=21 DEFAULT CHARSET=utf8;
/*!40101 SET character_set_client = @saved_cs_client */;

--
-- Dumping data for table `service`
--

LOCK TABLES `service` WRITE;
/*!40000 ALTER TABLE `service` DISABLE KEYS */;
INSERT INTO `service` VALUES (4,'Ventosa','MASSAGE','This is a ventosa',150.00,100.00,'',1),(18,'Sample Scrub','SCRUB','This is a scrub.',300.00,190.00,'',3),(19,'Dummy','MASSAGE','This is a Dummy',200.00,180.00,'',0),(20,'Hilot','SCRUB','dfghjklhytfgbnm	',213.00,100.00,'',1000);
/*!40000 ALTER TABLE `service` ENABLE KEYS */;
UNLOCK TABLES;

--
-- Table structure for table `temp_cart`
--

DROP TABLE IF EXISTS `temp_cart`;
/*!40101 SET @saved_cs_client     = @@character_set_client */;
/*!40101 SET character_set_client = utf8 */;
CREATE TABLE `temp_cart` (
  `id` int(11) NOT NULL AUTO_INCREMENT,
  `service_id` int(11) NOT NULL,
  `service_name` varchar(100) DEFAULT NULL,
  `quantity` int(11) DEFAULT NULL,
  `order_type` varchar(45) DEFAULT NULL,
  `price` float(10,2) DEFAULT NULL,
  `sub_total` float(10,2) DEFAULT NULL,
  PRIMARY KEY (`id`),
  KEY `service_id` (`service_id`),
  CONSTRAINT `temp_cart_ibfk_1` FOREIGN KEY (`service_id`) REFERENCES `service` (`service_id`)
) ENGINE=InnoDB DEFAULT CHARSET=utf8;
/*!40101 SET character_set_client = @saved_cs_client */;

--
-- Dumping data for table `temp_cart`
--

LOCK TABLES `temp_cart` WRITE;
/*!40000 ALTER TABLE `temp_cart` DISABLE KEYS */;
/*!40000 ALTER TABLE `temp_cart` ENABLE KEYS */;
UNLOCK TABLES;

--
-- Table structure for table `voucher`
--

DROP TABLE IF EXISTS `voucher`;
/*!40101 SET @saved_cs_client     = @@character_set_client */;
/*!40101 SET character_set_client = utf8 */;
CREATE TABLE `voucher` (
  `voucher_id` int(11) NOT NULL AUTO_INCREMENT,
  `service_id` int(11) NOT NULL,
  PRIMARY KEY (`voucher_id`,`service_id`),
  KEY `voucher_ibfk_1` (`service_id`),
  CONSTRAINT `voucher_ibfk_1` FOREIGN KEY (`service_id`) REFERENCES `service` (`service_id`) ON DELETE CASCADE
) ENGINE=InnoDB AUTO_INCREMENT=2046 DEFAULT CHARSET=utf8;
/*!40101 SET character_set_client = @saved_cs_client */;

--
-- Dumping data for table `voucher`
--

LOCK TABLES `voucher` WRITE;
/*!40000 ALTER TABLE `voucher` DISABLE KEYS */;
INSERT INTO `voucher` VALUES (1024,4),(1043,18),(1046,20),(1047,20),(1048,20),(1049,20),(1050,20),(1051,20),(1052,20),(1053,20),(1054,20),(1055,20),(1056,20),(1057,20),(1058,20),(1059,20),(1060,20),(1061,20),(1062,20),(1063,20),(1064,20),(1065,20),(1066,20),(1067,20),(1068,20),(1069,20),(1070,20),(1071,20),(1072,20),(1073,20),(1074,20),(1075,20),(1076,20),(1077,20),(1078,20),(1079,20),(1080,20),(1081,20),(1082,20),(1083,20),(1084,20),(1085,20),(1086,20),(1087,20),(1088,20),(1089,20),(1090,20),(1091,20),(1092,20),(1093,20),(1094,20),(1095,20),(1096,20),(1097,20),(1098,20),(1099,20),(1100,20),(1101,20),(1102,20),(1103,20),(1104,20),(1105,20),(1106,20),(1107,20),(1108,20),(1109,20),(1110,20),(1111,20),(1112,20),(1113,20),(1114,20),(1115,20),(1116,20),(1117,20),(1118,20),(1119,20),(1120,20),(1121,20),(1122,20),(1123,20),(1124,20),(1125,20),(1126,20),(1127,20),(1128,20),(1129,20),(1130,20),(1131,20),(1132,20),(1133,20),(1134,20),(1135,20),(1136,20),(1137,20),(1138,20),(1139,20),(1140,20),(1141,20),(1142,20),(1143,20),(1144,20),(1145,20),(1146,20),(1147,20),(1148,20),(1149,20),(1150,20),(1151,20),(1152,20),(1153,20),(1154,20),(1155,20),(1156,20),(1157,20),(1158,20),(1159,20),(1160,20),(1161,20),(1162,20),(1163,20),(1164,20),(1165,20),(1166,20),(1167,20),(1168,20),(1169,20),(1170,20),(1171,20),(1172,20),(1173,20),(1174,20),(1175,20),(1176,20),(1177,20),(1178,20),(1179,20),(1180,20),(1181,20),(1182,20),(1183,20),(1184,20),(1185,20),(1186,20),(1187,20),(1188,20),(1189,20),(1190,20),(1191,20),(1192,20),(1193,20),(1194,20),(1195,20),(1196,20),(1197,20),(1198,20),(1199,20),(1200,20),(1201,20),(1202,20),(1203,20),(1204,20),(1205,20),(1206,20),(1207,20),(1208,20),(1209,20),(1210,20),(1211,20),(1212,20),(1213,20),(1214,20),(1215,20),(1216,20),(1217,20),(1218,20),(1219,20),(1220,20),(1221,20),(1222,20),(1223,20),(1224,20),(1225,20),(1226,20),(1227,20),(1228,20),(1229,20),(1230,20),(1231,20),(1232,20),(1233,20),(1234,20),(1235,20),(1236,20),(1237,20),(1238,20),(1239,20),(1240,20),(1241,20),(1242,20),(1243,20),(1244,20),(1245,20),(1246,20),(1247,20),(1248,20),(1249,20),(1250,20),(1251,20),(1252,20),(1253,20),(1254,20),(1255,20),(1256,20),(1257,20),(1258,20),(1259,20),(1260,20),(1261,20),(1262,20),(1263,20),(1264,20),(1265,20),(1266,20),(1267,20),(1268,20),(1269,20),(1270,20),(1271,20),(1272,20),(1273,20),(1274,20),(1275,20),(1276,20),(1277,20),(1278,20),(1279,20),(1280,20),(1281,20),(1282,20),(1283,20),(1284,20),(1285,20),(1286,20),(1287,20),(1288,20),(1289,20),(1290,20),(1291,20),(1292,20),(1293,20),(1294,20),(1295,20),(1296,20),(1297,20),(1298,20),(1299,20),(1300,20),(1301,20),(1302,20),(1303,20),(1304,20),(1305,20),(1306,20),(1307,20),(1308,20),(1309,20),(1310,20),(1311,20),(1312,20),(1313,20),(1314,20),(1315,20),(1316,20),(1317,20),(1318,20),(1319,20),(1320,20),(1321,20),(1322,20),(1323,20),(1324,20),(1325,20),(1326,20),(1327,20),(1328,20),(1329,20),(1330,20),(1331,20),(1332,20),(1333,20),(1334,20),(1335,20),(1336,20),(1337,20),(1338,20),(1339,20),(1340,20),(1341,20),(1342,20),(1343,20),(1344,20),(1345,20),(1346,20),(1347,20),(1348,20),(1349,20),(1350,20),(1351,20),(1352,20),(1353,20),(1354,20),(1355,20),(1356,20),(1357,20),(1358,20),(1359,20),(1360,20),(1361,20),(1362,20),(1363,20),(1364,20),(1365,20),(1366,20),(1367,20),(1368,20),(1369,20),(1370,20),(1371,20),(1372,20),(1373,20),(1374,20),(1375,20),(1376,20),(1377,20),(1378,20),(1379,20),(1380,20),(1381,20),(1382,20),(1383,20),(1384,20),(1385,20),(1386,20),(1387,20),(1388,20),(1389,20),(1390,20),(1391,20),(1392,20),(1393,20),(1394,20),(1395,20),(1396,20),(1397,20),(1398,20),(1399,20),(1400,20),(1401,20),(1402,20),(1403,20),(1404,20),(1405,20),(1406,20),(1407,20),(1408,20),(1409,20),(1410,20),(1411,20),(1412,20),(1413,20),(1414,20),(1415,20),(1416,20),(1417,20),(1418,20),(1419,20),(1420,20),(1421,20),(1422,20),(1423,20),(1424,20),(1425,20),(1426,20),(1427,20),(1428,20),(1429,20),(1430,20),(1431,20),(1432,20),(1433,20),(1434,20),(1435,20),(1436,20),(1437,20),(1438,20),(1439,20),(1440,20),(1441,20),(1442,20),(1443,20),(1444,20),(1445,20),(1446,20),(1447,20),(1448,20),(1449,20),(1450,20),(1451,20),(1452,20),(1453,20),(1454,20),(1455,20),(1456,20),(1457,20),(1458,20),(1459,20),(1460,20),(1461,20),(1462,20),(1463,20),(1464,20),(1465,20),(1466,20),(1467,20),(1468,20),(1469,20),(1470,20),(1471,20),(1472,20),(1473,20),(1474,20),(1475,20),(1476,20),(1477,20),(1478,20),(1479,20),(1480,20),(1481,20),(1482,20),(1483,20),(1484,20),(1485,20),(1486,20),(1487,20),(1488,20),(1489,20),(1490,20),(1491,20),(1492,20),(1493,20),(1494,20),(1495,20),(1496,20),(1497,20),(1498,20),(1499,20),(1500,20),(1501,20),(1502,20),(1503,20),(1504,20),(1505,20),(1506,20),(1507,20),(1508,20),(1509,20),(1510,20),(1511,20),(1512,20),(1513,20),(1514,20),(1515,20),(1516,20),(1517,20),(1518,20),(1519,20),(1520,20),(1521,20),(1522,20),(1523,20),(1524,20),(1525,20),(1526,20),(1527,20),(1528,20),(1529,20),(1530,20),(1531,20),(1532,20),(1533,20),(1534,20),(1535,20),(1536,20),(1537,20),(1538,20),(1539,20),(1540,20),(1541,20),(1542,20),(1543,20),(1544,20),(1545,20),(1546,20),(1547,20),(1548,20),(1549,20),(1550,20),(1551,20),(1552,20),(1553,20),(1554,20),(1555,20),(1556,20),(1557,20),(1558,20),(1559,20),(1560,20),(1561,20),(1562,20),(1563,20),(1564,20),(1565,20),(1566,20),(1567,20),(1568,20),(1569,20),(1570,20),(1571,20),(1572,20),(1573,20),(1574,20),(1575,20),(1576,20),(1577,20),(1578,20),(1579,20),(1580,20),(1581,20),(1582,20),(1583,20),(1584,20),(1585,20),(1586,20),(1587,20),(1588,20),(1589,20),(1590,20),(1591,20),(1592,20),(1593,20),(1594,20),(1595,20),(1596,20),(1597,20),(1598,20),(1599,20),(1600,20),(1601,20),(1602,20),(1603,20),(1604,20),(1605,20),(1606,20),(1607,20),(1608,20),(1609,20),(1610,20),(1611,20),(1612,20),(1613,20),(1614,20),(1615,20),(1616,20),(1617,20),(1618,20),(1619,20),(1620,20),(1621,20),(1622,20),(1623,20),(1624,20),(1625,20),(1626,20),(1627,20),(1628,20),(1629,20),(1630,20),(1631,20),(1632,20),(1633,20),(1634,20),(1635,20),(1636,20),(1637,20),(1638,20),(1639,20),(1640,20),(1641,20),(1642,20),(1643,20),(1644,20),(1645,20),(1646,20),(1647,20),(1648,20),(1649,20),(1650,20),(1651,20),(1652,20),(1653,20),(1654,20),(1655,20),(1656,20),(1657,20),(1658,20),(1659,20),(1660,20),(1661,20),(1662,20),(1663,20),(1664,20),(1665,20),(1666,20),(1667,20),(1668,20),(1669,20),(1670,20),(1671,20),(1672,20),(1673,20),(1674,20),(1675,20),(1676,20),(1677,20),(1678,20),(1679,20),(1680,20),(1681,20),(1682,20),(1683,20),(1684,20),(1685,20),(1686,20),(1687,20),(1688,20),(1689,20),(1690,20),(1691,20),(1692,20),(1693,20),(1694,20),(1695,20),(1696,20),(1697,20),(1698,20),(1699,20),(1700,20),(1701,20),(1702,20),(1703,20),(1704,20),(1705,20),(1706,20),(1707,20),(1708,20),(1709,20),(1710,20),(1711,20),(1712,20),(1713,20),(1714,20),(1715,20),(1716,20),(1717,20),(1718,20),(1719,20),(1720,20),(1721,20),(1722,20),(1723,20),(1724,20),(1725,20),(1726,20),(1727,20),(1728,20),(1729,20),(1730,20),(1731,20),(1732,20),(1733,20),(1734,20),(1735,20),(1736,20),(1737,20),(1738,20),(1739,20),(1740,20),(1741,20),(1742,20),(1743,20),(1744,20),(1745,20),(1746,20),(1747,20),(1748,20),(1749,20),(1750,20),(1751,20),(1752,20),(1753,20),(1754,20),(1755,20),(1756,20),(1757,20),(1758,20),(1759,20),(1760,20),(1761,20),(1762,20),(1763,20),(1764,20),(1765,20),(1766,20),(1767,20),(1768,20),(1769,20),(1770,20),(1771,20),(1772,20),(1773,20),(1774,20),(1775,20),(1776,20),(1777,20),(1778,20),(1779,20),(1780,20),(1781,20),(1782,20),(1783,20),(1784,20),(1785,20),(1786,20),(1787,20),(1788,20),(1789,20),(1790,20),(1791,20),(1792,20),(1793,20),(1794,20),(1795,20),(1796,20),(1797,20),(1798,20),(1799,20),(1800,20),(1801,20),(1802,20),(1803,20),(1804,20),(1805,20),(1806,20),(1807,20),(1808,20),(1809,20),(1810,20),(1811,20),(1812,20),(1813,20),(1814,20),(1815,20),(1816,20),(1817,20),(1818,20),(1819,20),(1820,20),(1821,20),(1822,20),(1823,20),(1824,20),(1825,20),(1826,20),(1827,20),(1828,20),(1829,20),(1830,20),(1831,20),(1832,20),(1833,20),(1834,20),(1835,20),(1836,20),(1837,20),(1838,20),(1839,20),(1840,20),(1841,20),(1842,20),(1843,20),(1844,20),(1845,20),(1846,20),(1847,20),(1848,20),(1849,20),(1850,20),(1851,20),(1852,20),(1853,20),(1854,20),(1855,20),(1856,20),(1857,20),(1858,20),(1859,20),(1860,20),(1861,20),(1862,20),(1863,20),(1864,20),(1865,20),(1866,20),(1867,20),(1868,20),(1869,20),(1870,20),(1871,20),(1872,20),(1873,20),(1874,20),(1875,20),(1876,20),(1877,20),(1878,20),(1879,20),(1880,20),(1881,20),(1882,20),(1883,20),(1884,20),(1885,20),(1886,20),(1887,20),(1888,20),(1889,20),(1890,20),(1891,20),(1892,20),(1893,20),(1894,20),(1895,20),(1896,20),(1897,20),(1898,20),(1899,20),(1900,20),(1901,20),(1902,20),(1903,20),(1904,20),(1905,20),(1906,20),(1907,20),(1908,20),(1909,20),(1910,20),(1911,20),(1912,20),(1913,20),(1914,20),(1915,20),(1916,20),(1917,20),(1918,20),(1919,20),(1920,20),(1921,20),(1922,20),(1923,20),(1924,20),(1925,20),(1926,20),(1927,20),(1928,20),(1929,20),(1930,20),(1931,20),(1932,20),(1933,20),(1934,20),(1935,20),(1936,20),(1937,20),(1938,20),(1939,20),(1940,20),(1941,20),(1942,20),(1943,20),(1944,20),(1945,20),(1946,20),(1947,20),(1948,20),(1949,20),(1950,20),(1951,20),(1952,20),(1953,20),(1954,20),(1955,20),(1956,20),(1957,20),(1958,20),(1959,20),(1960,20),(1961,20),(1962,20),(1963,20),(1964,20),(1965,20),(1966,20),(1967,20),(1968,20),(1969,20),(1970,20),(1971,20),(1972,20),(1973,20),(1974,20),(1975,20),(1976,20),(1977,20),(1978,20),(1979,20),(1980,20),(1981,20),(1982,20),(1983,20),(1984,20),(1985,20),(1986,20),(1987,20),(1988,20),(1989,20),(1990,20),(1991,20),(1992,20),(1993,20),(1994,20),(1995,20),(1996,20),(1997,20),(1998,20),(1999,20),(2000,20),(2001,20),(2002,20),(2003,20),(2004,20),(2005,20),(2006,20),(2007,20),(2008,20),(2009,20),(2010,20),(2011,20),(2012,20),(2013,20),(2014,20),(2015,20),(2016,20),(2017,20),(2018,20),(2019,20),(2020,20),(2021,20),(2022,20),(2023,20),(2024,20),(2025,20),(2026,20),(2027,20),(2028,20),(2029,20),(2030,20),(2031,20),(2032,20),(2033,20),(2034,20),(2035,20),(2036,20),(2037,20),(2038,20),(2039,20),(2040,20),(2041,20),(2042,20),(2043,20),(2044,20),(2045,20);
/*!40000 ALTER TABLE `voucher` ENABLE KEYS */;
UNLOCK TABLES;

--
-- Dumping routines for database 'montalbo'
--
/*!40103 SET TIME_ZONE=@OLD_TIME_ZONE */;

/*!40101 SET SQL_MODE=@OLD_SQL_MODE */;
/*!40014 SET FOREIGN_KEY_CHECKS=@OLD_FOREIGN_KEY_CHECKS */;
/*!40014 SET UNIQUE_CHECKS=@OLD_UNIQUE_CHECKS */;
/*!40101 SET CHARACTER_SET_CLIENT=@OLD_CHARACTER_SET_CLIENT */;
/*!40101 SET CHARACTER_SET_RESULTS=@OLD_CHARACTER_SET_RESULTS */;
/*!40101 SET COLLATION_CONNECTION=@OLD_COLLATION_CONNECTION */;
/*!40111 SET SQL_NOTES=@OLD_SQL_NOTES */;

-- Dump completed on 2017-02-28  0:25:13
